{
  "222": [
    "R' U' F U2 L2 U' F U' F2 L' F'"
  ],
  "333": [
    "F2 L2 F R2 D L B2 R B' R2 U F2 D B2 D2 L2 D' L2 B2 D L2"
  ],
  "444": [
    "R2 D2 B' U2 R2 B2 D2 F R2 B' L2 F' D B L D2 B D2 L2 R U2 Rw2 Uw2 R D2 R2 Uw2 Fw2 U2 F' L' F2 Rw2 F Uw' L Fw2 L B' Rw Fw' F' D Fw' Rw2 D'"
  ],
  "555": [
    "Uw' B' Uw' R Dw Fw2 Bw2 D2 Lw' Dw Fw' Lw2 U2 L' B D2 B Dw' F2 B R2 Fw' U Rw B' Lw' R2 Bw R2 Dw2 R2 D2 Fw2 Lw2 Dw Rw2 Uw' Rw2 Dw2 Lw R2 F B' L Fw' B2 R Bw2 L2 D2 F D2 Fw2 R2 Bw R Dw' Bw Lw2 Bw'"
  ],
  "666": [
    "Uw2 L2 D2 3Uw' B' Lw' F Rw2 U2 Fw2 Rw2 D' 3Rw Dw2 3Rw2 Bw Dw2 3Rw 3Uw' D2 R B Uw B' Bw' 3Rw2 Bw' Rw2 U' F2 D' L2 3Fw2 Uw R2 3Uw' L2 3Fw' D L' B' Bw' U' Fw2 Lw Bw Rw' Fw' R' 3Fw' U L2 Rw 3Uw D' 3Uw Rw2 Bw' U D' Rw' B' U' D' U' Lw2 Rw2 F2 R 3Uw' B Dw2 Rw' Dw2 3Uw' F U 3Uw2 L2 3Rw'"
  ],
  "777": [
    "Uw2 3Lw' R B2 Lw2 Dw Uw Fw 3Uw Rw 3Bw Dw' 3Uw Lw2 D Uw' F' U' Uw2 Bw 3Rw Uw F 3Bw' 3Uw2 Bw Uw B2 3Bw2 U 3Fw' 3Uw2 Dw' 3Rw' B2 Rw' Uw' Fw2 3Dw' Lw2 3Bw' U' Fw' 3Bw' 3Uw L2 3Dw2 Uw 3Uw' 3Rw D2 R Rw' 3Bw' L2 Dw2 3Lw' 3Uw' 3Rw D' U2 Lw2 Fw' D Dw2 3Uw' Dw2 3Uw2 Bw' Rw F2 3Rw 3Dw Uw2 3Dw 3Uw B' Uw2 F2 3Lw2 Rw2 Fw2 3Dw' U 3Fw2 Lw Uw2 R Bw2 3Rw2 3Dw2 3Uw F2 L Rw' B' Lw' R' 3Rw2 Uw"
  ],
  "333bf": [
    "U2 B R L2 U' L2 F2 L F' U D B2 U F2 U2 L2 U R2 U2 B2 L' Rw"
  ],
  "333fm": [
    "R' U' F U' L2 R U B2 D' B L' U' B F2 D2 B2 D' B2 U B2 D' R2 D' B2 R2 D2 B2 R' U' F"
  ],
  "333oh": [
    "D2 F' R U' B' R F D' R2 D' L2 B2 U2 R2 U F2 L2 D B2 F"
  ],
  "clock": [
    "UR4- DR5+ DL3+ UL1+ U0+ R6+ D1+ L5+ ALL3- y2 U1- R2+ D6+ L5- ALL6+"
  ],
  "minx": [
    "R++ D-- R-- D++ R-- D++ R++ D++ R-- D-- U'\nR-- D-- R++ D-- R-- D-- R++ D++ R-- D-- U'\nR-- D-- R-- D-- R++ D++ R-- D-- R++ D++ U\nR++ D-- R-- D++ R-- D-- R-- D++ R++ D-- U'\nR++ D++ R-- D++ R++ D-- R++ D++ R++ D++ U\nR-- D-- R++ D-- R-- D++ R-- D++ R-- D-- U'\nR-- D++ R++ D-- R-- D++ R++ D++ R++ D-- U'"
  ],
  "pyram": [
    "R U B R L B U B' L u l'"
  ],
  "skewb": [
    "U R B R' L' B' U L' B L' U'"
  ],
  "sq1": [
    "(0, 5) / (0, 3) / (6, -3) / (4, -5) / (5, -4) / (3, 0) / (0, -5) / (-3, -3) / (-2, -5) / (6, -2) / (0, -4) / (2, 0)"
  ],
  "444bf": [
    "U2 L2 B' U2 F L2 B' L2 B' R2 B2 U2 L D F L D' F2 D2 U Rw2 U Fw2 Uw2 U F2 R B2 Uw2 U2 R Uw2 Fw' D' L2 Uw2 Rw' F R2 Uw' D' Fw Uw'"
  ],
  "555bf": [
    "Lw' Uw D Dw Lw' Bw D' Fw2 Rw' Dw' Lw Fw' Dw2 Bw' U Uw R' Fw D' L2 Fw Bw L Fw2 R2 D' F' Lw Uw Rw' F' U2 L2 B L' R2 U' D2 Fw Lw' Fw2 Dw Rw' Dw2 L2 Rw' Dw2 F Dw' F' B2 U Uw F2 B D' Bw2 Uw2 Bw' D' 3Fw 3Uw"
  ],
  "333mbf": [
    "F L2 R2 F2 R2 U F2 D' L2 D' B2 F2 D2 F L' B' U' B' L' R' D Rw' Dw",
    "U' F2 D' F2 D' F' L F2 R2 F R2 B L2 F2 L2 B R2 U2 F' D B Rw Dw2",
    "U2 R2 D2 U2 B' D2 R2 D2 B2 U2 B R2 D B R' F' D' F' R' D' U' Rw' Dw2",
    "R2 F' R D L' U L' R2 F2 D2 R2 B2 D R2 U F2 U2 B2 U' L F' Rw2 Dw'",
    "R' F2 R U F' U' L B2 L2 U B2 D2 L2 U' F2 U2 L2 F2 B D Rw' Dw",
    "L' B2 D L U L B' U B R2 D2 B D2 B' D2 F' U2 F2 R2 D2 R Rw2",
    "R D R' L F2 R2 U F2 U2 F' U2 F L2 B' D2 B R2 B R2 U' F' Rw Dw2",
    "F U2 R' U' R' L' F L D F2 U' F2 B2 L2 B2 U F2 L2 U2 L2 Rw2 Dw'",
    "F R F B' R U' L F2 U2 L2 D F2 R2 L2 D2 B2 D R2 D B R' Rw' Dw2",
    "U' B2 U' L' F' U2 L B' U B2 U R2 U F2 D2 L2 F2 D B2 U' L Rw' Dw",
    "B' R' F' R U R' L D B2 L' R2 U2 F2 R2 B U2 F2 L2 F2 D2 R2 Rw' Dw2",
    "U L2 U2 F2 D2 U2 R U2 L' U2 R F2 L' F' L' B U' L R' D2 Fw'",
    "D' L D' F2 R' F' D B U' D2 F2 U2 R2 F B2 R2 D2 L2 U2 L2 B Rw2 Dw",
    "D F2 U' L2 F' L2 U F' L B2 L F2 R' B2 D2 F2 R B2 R2 U2 F Fw' Dw'",
    "U2 F' L U2 B' D' B' R' D2 B2 D' L2 U2 L2 U L2 D' R2 U L2 R Dw2",
    "B' U2 L' F U R2 L' F B2 D2 R U2 L U2 L2 F2 U2 L D2 L Fw Dw",
    "B2 U2 L' B2 L' B2 R B2 D2 B2 D2 L B' U F' L B2 U F D' L Rw Dw",
    "B2 L B2 R U R' D' L U' B2 D2 L2 B' U2 D2 L2 F L2 D2 F D2 Rw",
    "R2 B' U2 L F2 D B2 L U' F L2 B' D2 B' L2 D2 L2 U2 B R2 Fw' Dw'",
    "F' U2 B' U2 R2 B' R2 U2 B2 D2 U2 R2 L B' R2 B' U' B2 L F2 Rw' Dw'",
    "R L2 U' B R D' F2 R B U R2 U2 R2 F' D2 L2 F' L2 F' Rw Dw",
    "F2 D' R' U' F' U' L D2 F U' D2 R2 U L2 F2 U L2 U' R2 B2 Fw'",
    "D2 L' U' D F' U' B R2 L2 U R2 D' R2 U B2 D2 R2 U2 R' B U' Dw'",
    "L2 B2 R' F' R2 D' R' F L F2 U2 B2 D' B2 U R2 U' L2 B2 L2 Rw Dw'",
    "R U' L2 B2 D' R' B R' L U2 B U2 B' D2 F U2 F L2 D2 B' U2 Dw'",
    "U' R2 F2 B U2 L' B2 U' F U B2 U2 F2 U' L2 B2 D2 L2 B2 D F2 Dw2",
    "D B' U' D' F R2 B' L F R D2 F U2 F B' U2 R2 D2 L2 Rw Dw2",
    "D F2 R F2 U L2 F' U2 L2 U' L2 D F2 U2 L2 D L2 D R F' Rw Dw'",
    "U2 D' L D2 F D R' F U' R U2 R F2 R' F2 R2 F2 U2 D2 L' F2",
    "U D' B' R2 F2 L F2 R U2 R2 U2 F' L2 D2 F B2 R2 B' L2 Fw' Dw",
    "U' F U' R2 L' F2 U L' B' L' F2 B' D2 F' R2 B' U2 L2 B2 R2 B' Fw' Dw",
    "D' L' F' L2 F2 L2 R2 B' U2 B2 L2 F L2 F2 D' R2 D2 U' L U' F Fw Dw'",
    "F' L U R U' F2 R D' B2 R2 F' L2 B L2 B U2 B R2 D2 B R' Rw' Dw2",
    "U' F2 R' U' D F' D B2 L B2 L2 B2 R' U2 L' D2 R' U2 L2 F U2 Rw2 Dw",
    "F2 D2 L D2 R' F2 L' B2 L' U2 L2 D' L' B' D U' F' L' R Fw' Dw2",
    "R2 F2 R U' L U L F U2 R2 D2 R2 F' D2 B' L2 F' U2 F' D F2 Rw2",
    "B2 R' U2 R' B' L U' F2 D L' U' R2 D' B2 L2 D' L2 F2 D L2 Rw",
    "U2 B2 D L F' D' R2 D2 B' D L2 D F2 U F2 D2 L2 B2 L2 B2 D2 Rw Dw2",
    "D' B' U' L D2 R' D' F L D2 F2 U' F2 D' F2 B2 D' R2 F2 L2 F2 Rw Dw",
    "U' L2 R2 U' B2 D B2 U2 L2 F2 U B' D F R' B F' R' U F2 U' Fw' Dw'",
    "B2 L' U' B' D L' B' R D2 R F2 R F2 D2 L2 D2 R' B2 R U F Fw' Dw2",
    "R' B L' F' R2 D L2 U B' R' F2 D' L2 D L2 U F2 U' F2 R2 B2 Rw2 Dw'",
    "U L2 F2 R2 F2 D' B2 R2 D2 F2 U B2 F' R D' R2 F2 L' B' D2 L Rw2 Dw",
    "B L F L F2 L2 F B2 U2 F2 R2 U B2 D2 R2 L2 U' F2 R' F Rw' Dw'",
    "L' U L' F' B2 D F B2 L F L2 B' D2 B' L2 F' B' U2 L2 B2 R2 Rw Dw",
    "D B D' R2 U' F' D U2 R2 D2 L' U2 R' D2 R2 U2 D2 B2 R' D' L' Rw Dw'",
    "U R' D2 R' D2 L2 D' L2 F U2 F2 R2 F2 R2 D2 F2 U B2 R2 U F2 Rw' Dw",
    "B2 D2 L' B' L D F2 R' B2 U L2 F2 U2 B2 D L2 F2 U R2 L2 F Rw2 Dw2",
    "L2 B U R F L' B' U2 D F' U2 F L2 B2 L2 F' R2 U2 L2 D2 L2 Rw2 Dw'",
    "F L2 B U' R' U L' D B U L2 U L2 U L2 B2 U' D' L2 U2 F2 Rw' Dw",
    "F' R' B2 U2 R' U' B R2 L U' L2 D R2 F2 U F2 R2 D L2 D2 B2 Rw Dw'",
    "R' L2 F2 R F' U2 L' F' U L2 U2 L2 F' L2 B2 L2 B R2 D2 B' Dw2",
    "B2 D' F2 U2 B2 L' F2 U2 R' F2 L U2 F2 L' U' B' F2 R D2 F' U Rw2 Dw2",
    "D' R2 L' B D F U' R F' D2 L D2 R' U2 L U2 D2 L B2 R2 F Rw' Dw2",
    "F' U R F2 U2 D' R' F D F2 U2 L2 D F2 L2 F2 R2 D' B L' Fw Dw2",
    "R L U2 L2 D R D F' L' B' R2 U2 B2 L2 D2 F D2 F2 R2 B D2",
    "B2 D2 L2 R U2 L2 U2 F2 U2 L B2 D2 F' D' R D' U' R2 F R' B2 Rw' Dw2",
    "U F D2 B2 U' B U2 D2 R F' L2 F' D2 B2 D2 F L2 F D2 F U2 Rw' Dw",
    "D' B' U B L U B R U' L2 U F2 L2 U2 B2 L2 D F2 L' U Fw' Dw2",
    "L B R' U2 L D L2 U R2 L2 U2 R D2 F2 L' F2 D2 R B' U' Rw Dw'",
    "U2 L' U' R D L B U B' U R2 F2 U2 B2 U L2 D' L2 F2 D2 B' Dw'",
    "D2 B' D R2 D R F' R D2 L2 U L2 U' F2 U R2 L2 U' R2 B2 Dw2",
    "R' L D' L F U R' B2 U D2 F2 L2 D2 B2 L2 F2 D' L2 D' B' U2 Fw Dw2",
    "B2 F2 U B2 F2 L2 D B2 D' R2 D' F D R' D U R D R B Rw2 Dw'",
    "L' D2 B2 R2 U2 R B2 L2 F2 D2 L' U2 B U F' D' L' B' L' R2 U' Fw Dw2",
    "L2 U2 R2 U' F2 U' L2 U B2 U2 R B' U2 R D B' U' F' L Rw' Dw2",
    "F2 D2 F D2 R' U L' D' F2 D2 F L2 U2 F R2 B R2 B' L D2 Rw Dw",
    "R2 B' U F' L2 U2 R' L2 U L B2 D L2 D B2 D2 R2 L2 D R2 D2 Rw2 Dw",
    "F U' L2 B' R' U D2 B' D R F2 U2 B2 R2 U D L2 U F2 B2 L2 Rw",
    "F' R U R' U' B2 L' B U' B2 U F2 B2 D2 F2 D' R2 L2 U' F2 L' Rw' Dw2",
    "U D2 L' D' B2 L' F L2 F2 B2 U B2 L2 D L2 D' L2 F2 U2 R D2 Rw' Dw",
    "F2 U' R' F' U L D' B2 L D2 R2 D2 R' B2 U2 L' U2 F' B2 L' Rw Dw",
    "F' R' F U2 R' D L F' R2 U R2 B2 D2 L2 F2 L2 D L2 D R2 L Fw' Dw",
    "D2 B' U2 R2 F2 B2 R' D' B U' B2 L2 U' R2 U2 B2 L2 U B2 D' L' Rw Dw'",
    "F L' F2 R2 U' B2 U2 L D F2 U2 L2 F' U2 B' D2 F2 R2 B' U2 B2 Fw' Dw2",
    "U2 R2 U2 B D2 R2 B' D2 L2 B F' U2 D' F' R' U L' R2 F U' Rw Dw2",
    "R2 U' D B L U2 R' B D R2 F2 D' F2 D' R2 F2 D L2 F2 U B Fw Dw2",
    "F U B D2 R U' F' R' D F2 D2 L2 D2 L2 F2 B D2 F' U2 B' R2 Dw'",
    "D2 B U' D' R B2 U F2 R D2 R U2 L2 D2 B2 D2 B2 R' B2 U B2 Dw2",
    "U2 R U2 R' B2 F2 D2 L' D2 B2 L' F2 U' B2 L U' B R' D' U R2 Rw'",
    "B' L' B2 D F D F' R U' F' D2 L2 F2 D2 B L2 F' U2 F D2 F' Fw'",
    "L2 U2 F' L2 U L' B' U' F2 B' R2 U2 B' R2 F L2 F D2 L2 D2 U Rw2",
    "F B D L F L2 U' R L F L2 U' B2 D B2 D' R2 L2 U' L2 Rw2 Dw2",
    "B D' F' B R' D' L' F U2 L2 D2 L2 U2 B' L2 U2 F' D2 F2 U' R' Rw Dw2",
    "B2 D2 R2 B F2 D2 R2 D2 L2 U2 F' D2 L' B' L2 B U' F2 L2 R2 Fw' Dw",
    "D R2 F L2 B R2 B2 U2 F' R2 F2 U2 R' D' U' L' B' D2 L' B D2 Fw' Dw'",
    "U' D2 R U' F D L' F D2 B2 L2 U2 R2 U D2 B2 R2 D L2 Fw Dw2",
    "R2 U2 L2 F2 D2 U2 R2 F L2 F U2 B' U L' R D L2 D U' Fw' Dw",
    "D' L' U2 L' F' U2 L F B' R F2 R2 F2 D2 L D2 L F2 R2 U2 Dw2",
    "F' R D2 L' F2 U' B2 R2 B U F2 R2 B2 D' F2 U F2 U R2 D' Rw Dw2",
    "R F D' B U2 R2 U D2 B U2 R2 D2 L2 F' R2 F2 L2 D2 B R' B Dw'",
    "R' F B L2 F2 D F' R' F U2 F2 L2 U R2 F2 R2 F2 D2 B2 U2 L2 Rw' Dw'",
    "D2 L' F2 R2 D2 B2 R B2 R' U2 R' B' D R F2 L D2 R F' D Fw' Dw",
    "L' U B' U2 L B U2 D2 R U2 L2 U B2 D L2 D2 F2 D F2 R2 D2 Rw2",
    "F2 D F2 B' D2 R' F' L D2 F2 B2 L2 D2 F2 R' D2 F2 R D2 U' Rw' Dw",
    "R' D B L U R' U R F' R2 D2 F L2 F2 R2 U2 B L2 U2 D2 Rw Dw2",
    "U2 L D F' B' R2 D F L' F2 D2 L' U2 B2 U2 R' U2 L' B2 D2",
    "R B U2 L2 B' R D' L B2 U F2 L2 D2 B2 D' L2 D' F2 U' F Fw' Dw'",
    "D' L' U2 R2 D B D F L' R2 U' F2 L2 U2 L2 U' F2 U' R2 D",
    "D' R D2 R' F2 R' B D R2 U' F2 U2 L2 B2 D2 L B2 Fw' Dw'"
  ],
  "fto": [
    "D B' L R' L' R' D' R' BL B R' D B' D L BL B BL' D' R F R' BL' F R' BR F"
  ],
  "master_tetraminx": [
    "u L' r L' R b' B u R b' R b r b u r' l' u"
  ],
  "kilominx": [
    "R2 BL2 x2 U2' BL2 L' F L' F R2 U2' x2 L BL2 U' R2 BR2 BL2' L2 U F2 U F' R2' F R U F U' R' F2"
  ],
  "redi_cube": [
    "F L R' UR U' B' L' D' U' UL UR U UL' F UR U"
  ]
}